{
    "name": "root",
    "metadata": {
        "timer_format_version": "0.1.0",
        "start_time_seconds": "1606121293",
        "python_version": "3.8.6 (tags/v3.8.6:db45529, Sep 23 2020, 15:52:53) [MSC v.1927 64 bit (AMD64)]",
        "command_line_arguments": "C:\\Users\\Tanel\\AppData\\Local\\Programs\\Python\\Python38\\Scripts\\mlagents-learn config\\playerbehaviour_config.yaml --run-id=22Nov --resume",
        "mlagents_version": "0.21.1",
        "mlagents_envs_version": "0.21.1",
        "communication_protocol_version": "1.2.0",
        "tensorflow_version": "2.3.1",
        "numpy_version": "1.18.0",
        "end_time_seconds": "1606121372"
    },
    "total": 78.9601534,
    "count": 1,
    "self": 0.01042449999999917,
    "children": {
        "run_training.setup": {
            "total": 0.007690000000000197,
            "count": 1,
            "self": 0.007690000000000197
        },
        "TrainerController.start_learning": {
            "total": 78.9420389,
            "count": 1,
            "self": 1.0373098999999684,
            "children": {
                "TrainerController._reset_env": {
                    "total": 37.3291985,
                    "count": 2,
                    "self": 37.3291985
                },
                "TrainerController.advance": {
                    "total": 37.52646560000002,
                    "count": 1111,
                    "self": 0.015396199999962334,
                    "children": {
                        "env_step": {
                            "total": 37.51106940000006,
                            "count": 1111,
                            "self": 35.72049899999992,
                            "children": {
                                "SubprocessEnvManager._take_step": {
                                    "total": 1.7756146000001536,
                                    "count": 1111,
                                    "self": 0.06625059999996097,
                                    "children": {
                                        "TFPolicy.evaluate": {
                                            "total": 1.7093640000001926,
                                            "count": 2204,
                                            "self": 1.7093640000001926
                                        }
                                    }
                                },
                                "workers": {
                                    "total": 0.014955799999988528,
                                    "count": 1111,
                                    "self": 0.0,
                                    "children": {
                                        "worker_root": {
                                            "total": 14.904543600000146,
                                            "count": 1111,
                                            "is_parallel": true,
                                            "self": 7.661971300000182,
                                            "children": {
                                                "steps_from_proto": {
                                                    "total": 0.0009846999999965078,
                                                    "count": 4,
                                                    "is_parallel": true,
                                                    "self": 0.00042189999997788163,
                                                    "children": {
                                                        "_process_vector_observation": {
                                                            "total": 0.0005628000000186262,
                                                            "count": 8,
                                                            "is_parallel": true,
                                                            "self": 0.0005628000000186262
                                                        }
                                                    }
                                                },
                                                "UnityEnvironment.step": {
                                                    "total": 7.241587599999967,
                                                    "count": 1111,
                                                    "is_parallel": true,
                                                    "self": 0.10437069999979798,
                                                    "children": {
                                                        "UnityEnvironment._generate_step_input": {
                                                            "total": 0.2431371000000837,
                                                            "count": 1111,
                                                            "is_parallel": true,
                                                            "self": 0.2431371000000837
                                                        },
                                                        "communicator.exchange": {
                                                            "total": 6.55609740000002,
                                                            "count": 1111,
                                                            "is_parallel": true,
                                                            "self": 6.55609740000002
                                                        },
                                                        "steps_from_proto": {
                                                            "total": 0.3379824000000653,
                                                            "count": 2222,
                                                            "is_parallel": true,
                                                            "self": 0.1554401999999513,
                                                            "children": {
                                                                "_process_vector_observation": {
                                                                    "total": 0.182542200000114,
                                                                    "count": 4444,
                                                                    "is_parallel": true,
                                                                    "self": 0.182542200000114
                                                                }
                                                            }
                                                        }
                                                    }
                                                }
                                            }
                                        }
                                    }
                                }
                            }
                        }
                    }
                },
                "trainer_threads": {
                    "total": 0.00011620000000789332,
                    "count": 1,
                    "self": 0.00011620000000789332,
                    "children": {
                        "thread_root": {
                            "total": 0.0,
                            "count": 0,
                            "is_parallel": true,
                            "self": 0.0,
                            "children": {
                                "trainer_advance": {
                                    "total": 37.776180800000056,
                                    "count": 333,
                                    "is_parallel": true,
                                    "self": 0.57273890000004,
                                    "children": {
                                        "process_trajectory": {
                                            "total": 4.433792700000012,
                                            "count": 334,