{
    "name": "root",
    "metadata": {
        "timer_format_version": "0.1.0",
        "start_time_seconds": "1605963779",
        "python_version": "3.8.6 (tags/v3.8.6:db45529, Sep 23 2020, 15:52:53) [MSC v.1927 64 bit (AMD64)]",
        "command_line_arguments": "C:\\Users\\Tanel\\AppData\\Local\\Programs\\Python\\Python38\\Scripts\\mlagents-learn config\\playerbehaviour_config.yaml --run-id=SelfPlay --force",
        "mlagents_version": "0.21.1",
        "mlagents_envs_version": "0.21.1",
        "communication_protocol_version": "1.2.0",
        "tensorflow_version": "2.3.1",
        "numpy_version": "1.18.0",
        "end_time_seconds": "1605963870"
    },
    "total": 90.6868297,
    "count": 1,
    "self": 0.00840920000000267,
    "children": {
        "run_training.setup": {
            "total": 0.007992999999999917,
            "count": 1,
            "self": 0.007992999999999917
        },
        "TrainerController.start_learning": {
            "total": 90.6704275,
            "count": 1,
            "self": 1.0766855000001243,
            "children": {
                "TrainerController._reset_env": {
                    "total": 13.1969121,
                    "count": 1,
                    "self": 13.1969121
                },
                "TrainerController.advance": {
                    "total": 73.31098069999987,
                    "count": 1809,
                    "self": 0.027700499999838257,
                    "children": {
                        "env_step": {
                            "total": 73.28328020000004,
                            "count": 1809,
                            "self": 70.04282810000004,
                            "children": {
                                "SubprocessEnvManager._take_step": {
                                    "total": 3.2138108000001324,
                                    "count": 1809,
                                    "self": 0.12132840000017708,
                                    "children": {
                                        "TFPolicy.evaluate": {
                                            "total": 3.0924823999999553,
                                            "count": 3618,
                                            "self": 3.0924823999999553
                                        }
                                    }
                                },
                                "workers": {
                                    "total": 0.026641299999869972,
                                    "count": 1809,
                                    "self": 0.0,
                                    "children": {
                                        "worker_root": {
                                            "total": 47.67415779999995,
                                            "count": 1809,
                                            "is_parallel": true,
                                            "self": 36.71840469999998,
                                            "children": {
                                                "steps_from_proto": {
                                                    "total": 0.0007280999999998983,
                                                    "count": 2,
                                                    "is_parallel": true,
                                                    "self": 0.00032060000000022626,
                                                    "children": {
                                                        "_process_vector_observation": {
                                                            "total": 0.000407499999999672,
                                                            "count": 4,
                                                            "is_parallel": true,
                                                            "self": 0.000407499999999672
                                                        }
                                                    }
                                                },
                                                "UnityEnvironment.step": {
                                                    "total": 10.95502499999997,
                                                    "count": 1809,
                                                    "is_parallel": true,
                                                    "self": 0.19259700000019464,
                                                    "children": {
                                                        "UnityEnvironment._generate_step_input": {
                                                            "total": 0.43184199999996764,
                                                            "count": 1809,
                                                            "is_parallel": true,
                                                            "self": 0.43184199999996764
                                                        },
                                                        "communicator.exchange": {
                                                            "total": 9.719633399999875,
                                                            "count": 1809,
                                                            "is_parallel": true,
                                                            "self": 9.719633399999875
                                                        },
                                                        "steps_from_proto": {
                                                            "total": 0.6109525999999335,
                                                            "count": 3618,
                                                            "is_parallel": true,
                                                            "self": 0.28350720000030627,
                                                            "children": {
                                                                "_process_vector_observation": {
                                                                    "total": 0.3274453999996272,
                                                                    "count": 7236,
                                                                    "is_parallel": true,
                                                                    "self": 0.3274453999996272
                                                                }
                                                            }
                                                        }
                                                    }
                                                }
                                            }
                                        }
                                    }
                                }
                            }
                        }
                    }
                },
                "trainer_threads": {
                    "total": 2.13999999942871e-05,
                    "count": 1,
                    "self": 2.13999999942871e-05,
                    "children": {
                        "thread_root": {
                            "total": 0.0,
                            "count": 0,
                            "is_parallel": true,
                            "self": 0.0,
                            "children": {
                                "trainer_advance": {
                                    "total": 73.60268769999999,
                                    "count": 319,
                                    "is_parallel": true,
                                    "self": 0.5838737999999637,
                                    "children": {
                                        "process_trajectory": {
                                            "total": 4.369133600000019,
                                            "count": 320,