{
    "name": "root",
    "metadata": {
        "timer_format_version": "0.1.0",
        "start_time_seconds": "1605470731",
        "python_version": "3.8.6 (tags/v3.8.6:db45529, Sep 23 2020, 15:52:53) [MSC v.1927 64 bit (AMD64)]",
        "command_line_arguments": "C:\\Users\\Tanel\\python-envs\\mlagents\\Scripts\\mlagents-learn playerbehaviour_config.yaml --run-id=PlayerBehaviour --resume",
        "mlagents_version": "0.21.1",
        "mlagents_envs_version": "0.21.1",
        "communication_protocol_version": "1.2.0",
        "tensorflow_version": "2.3.1",
        "numpy_version": "1.17.5",
        "end_time_seconds": "1605470744"
    },
    "total": 13.709310999999998,
    "count": 1,
    "self": 0.3135283999999974,
    "children": {
        "run_training.setup": {
            "total": 0.01447350000000025,
            "count": 1,
            "self": 0.01447350000000025
        },
        "TrainerController.start_learning": {
            "total": 13.3813091,
            "count": 1,
            "self": 0.01579140000000301,
            "children": {
                "TrainerController._reset_env": {
                    "total": 11.048162099999999,
                    "count": 1,
                    "self": 11.048162099999999
                },
                "trainer_threads": {
                    "total": 2.079999999970994e-05,
                    "count": 1,
                    "self": 2.079999999970994e-05,
                    "children": {
                        "thread_root": {
                            "total": 0.0,
                            "count": 0,
                            "is_parallel": true,
                            "self": 0.0,
                            "children": {
                                "trainer_advance": {
                                    "total": 0.0154361999999999,
                                    "count": 1,
                                    "is_parallel": true,
                                    "self": 4.6899999999183706e-05,
                                    "children": {
                                        "process_trajectory": {
                                            "total": 0.015389300000000716,
                                            "count": 1,
                                            "is_parallel": true,
                                            "self": 0.015389300000000716
                                        }
                                    }
                                }
                            }
                        }
                    }
                },
                "TrainerController._save_models": {
                    "total": 2.3173347999999976,
                    "count": 1,
                    "self": 0.009970599999997276,
                    "children": {
                        "RLTrainer._checkpoint": {
                            "total": 2.3073642000000003,
                            "count": 1,
                            "self": 2.3073642000000003
                        }
                    }
                }
            }
        }
    }
}