{"count":1,"self":61961.161932799994,"total":112226.65453059999,"children":{"InitializeActuators":{"count":18,"self":0.0030014,"total":0.0030014,"children":null},"InitializeSensors":{"count":18,"self":0.0019976,"total":0.0019976,"children":null},"AgentSendState":{"count":2782734,"self":585.75754239999992,"total":2337.6213635999998,"children":{"CollectObservations":{"count":10018530,"self":211.606144,"total":211.6061398,"children":null},"WriteActionMask":{"count":10018530,"self":155.2067968,"total":155.2067947,"children":null},"RequestDecision":{"count":10018530,"self":491.913728,"total":1385.0509115999998,"children":{"AgentInfo.ToProto":{"count":10018530,"self":360.162944,"total":893.1371663,"children":{"GenerateSensorData":{"count":10018530,"self":532.97423359999993,"total":532.9742254,"children":null}}}}}}},"DecideAction":{"count":2782734,"self":47491.3210368,"total":47491.320412199995,"children":null},"AgentAct":{"count":2782734,"self":404.9360384,"total":436.5481329,"children":{"AgentInfo.ToProto":{"count":300470,"self":13.653063999999999,"total":31.612102999999998,"children":{"GenerateSensorData":{"count":300470,"self":17.9590384,"total":17.9590388,"children":null}}}}}},"gauges":{"Volleyball.CumulativeReward":{"count":300470,"max":1,"min":-1,"runningAverage":-4.54976924E-11,"value":-1,"weightedAverage":-0.08301986}},"metadata":{"timer_format_version":"0.1.0","start_time_seconds":"1616395436","unity_version":"2019.4.19f1","command_line_arguments":"C:\\Program Files\\Unity\\Hub\\Editor\\2019.4.19f1\\Editor\\Unity.exe -projectpath C:\/Users\/Tanel\/Desktop\/Tanel\/Repositories\/Voll-AI -useHub -hubIPC -cloudEnvironment production -hubSessionId 28fef240-87d6-11eb-af58-d54f6a893675","communication_protocol_version":"1.3.0","com.unity.ml-agents_version":"1.7.2-preview","scene_name":"Main Menu","end_time_seconds":"1616507662"}}