{"count":1,"self":1121.17248,"total":32257.902730499998,"children":{"InitializeActuators":{"count":1,"self":0.0019982,"total":0.0019982,"children":null},"InitializeSensors":{"count":1,"self":0.0020014,"total":0.0020014,"children":null},"AgentSendState":{"count":1769384,"self":96.59472,"total":326.64799389999996,"children":{"CollectObservations":{"count":1769384,"self":26.422876799999997,"total":26.422877,"children":null},"WriteActionMask":{"count":1769384,"self":19.905067199999998,"total":19.9050679,"children":null},"RequestDecision":{"count":1769384,"self":66.756812799999992,"total":183.72532719999998,"children":{"AgentInfo.ToProto":{"count":1769384,"self":49.673894399999995,"total":116.9685114,"children":{"GenerateSensorData":{"count":1769384,"self":67.2946176,"total":67.2946178,"children":null}}}}}}},"DecideAction":{"count":1769384,"self":30773.1038208,"total":30773.105371499998,"children":null},"AgentAct":{"count":1769384,"self":36.8898752,"total":36.970922,"children":{"AgentInfo.ToProto":{"count":833,"self":0.0290219,"total":0.0810481,"children":{"GenerateSensorData":{"count":833,"self":0.052026199999999995,"total":0.052026199999999995,"children":null}}}}}},"gauges":{"PlayerBehaviour.CumulativeReward":{"count":833,"max":12.2599964,"min":-8.48699951,"runningAverage":3.26453829,"value":-1.1929996,"weightedAverage":-0.2602576}},"metadata":{"timer_format_version":"0.1.0","start_time_seconds":"1613861395","unity_version":"2019.4.19f1","command_line_arguments":"C:\\Program Files\\Unity\\Hub\\Editor\\2019.4.19f1\\Editor\\Unity.exe -projectpath C:\/Users\/Tanel\/Desktop\/Tanel\/Repositories\/Voll-AI -useHub -hubIPC -cloudEnvironment production -hubSessionId 9bd835a0-73cd-11eb-8dd2-e53a6c706057","communication_protocol_version":"1.3.0","com.unity.ml-agents_version":"1.7.2-preview","scene_name":"Reworked","end_time_seconds":"1613893653"}}