{"count":1,"self":2398.1733888,"total":32362.913625899997,"children":{"InitializeActuators":{"count":36,"self":0.0030385,"total":0.0030385,"children":null},"InitializeSensors":{"count":36,"self":0.0029533999999999997,"total":0.0029533999999999997,"children":null},"AgentSendState":{"count":622367,"self":147.5767424,"total":647.8284729,"children":{"CollectObservations":{"count":4481676,"self":58.8267008,"total":58.8266978,"children":null},"WriteActionMask":{"count":4481676,"self":39.486300799999995,"total":39.486300799999995,"children":null},"RequestDecision":{"count":4481676,"self":136.4453376,"total":401.9387322,"children":{"AgentInfo.ToProto":{"count":4481676,"self":96.036518399999991,"total":265.4934006,"children":{"GenerateSensorData":{"count":4481676,"self":169.4568832,"total":169.4568806,"children":null}}}}}}},"DecideAction":{"count":622367,"self":29131.3352704,"total":29131.336443,"children":null},"AgentAct":{"count":622367,"self":171.9160064,"total":185.566315,"children":{"AgentInfo.ToProto":{"count":184712,"self":5.433896,"total":13.6503085,"children":{"GenerateSensorData":{"count":184712,"self":8.2164128,"total":8.2164124999999988,"children":null}}}}}},"gauges":{"Volleyball.CumulativeReward":{"count":184712,"max":1,"min":-1,"runningAverage":2.99854863E-11,"value":-1,"weightedAverage":-0.05555556}},"metadata":{"timer_format_version":"0.1.0","start_time_seconds":"1617369718","unity_version":"2019.4.19f1","command_line_arguments":"C:\\Program Files\\Unity\\Hub\\Editor\\2019.4.19f1\\Editor\\Unity.exe -projectpath C:\/Users\/Tanel\/Desktop\/Tanel\/Repositories\/Voll-AI -useHub -hubIPC -cloudEnvironment production -hubSessionId 77e52c20-92d1-11eb-b7c4-ad8f45f77749","communication_protocol_version":"1.3.0","com.unity.ml-agents_version":"1.7.2-preview","scene_name":"Reworked","end_time_seconds":"1617402081"}}