{"count":1,"self":434.636032,"total":35745.3997114,"children":{"AgentSendState":{"count":301634,"self":46.960032,"total":118.3669331,"children":{"CollectObservations":{"count":1086282,"self":12.493831199999999,"total":12.493831199999999,"children":null},"CollectDiscreteActionMasks":{"count":1086282,"self":7.677048,"total":7.6770482,"children":null},"AgentInfo.ToProto":{"count":1086282,"self":20.769254399999998,"total":51.236022399999996,"children":{"GenerateSensorData":{"count":1086282,"self":30.466768,"total":30.4667678,"children":null}}}}},"DecideAction":{"count":301634,"self":35186.576588799995,"total":35186.5772757,"children":null},"AgentAct":{"count":301634,"self":5.7954571999999995,"total":5.8174731999999993,"children":{"AgentInfo.ToProto":{"count":468,"self":0.010022099999999999,"total":0.022015899999999998,"children":{"GenerateSensorData":{"count":468,"self":0.011993799999999999,"total":0.011993799999999999,"children":null}}}}}},"gauges":{"PlayerBehaviour.CumulativeReward":{"count":468,"max":54.5,"min":-8,"runningAverage":30.2329082,"value":34.5,"weightedAverage":33.66157}},"metadata":{"timer_format_version":"0.1.0","start_time_seconds":"1609151350","unity_version":"2019.4.15f1","command_line_arguments":"C:\\Program Files\\Unity\\Hub\\Editor\\2019.4.15f1\\Editor\\Unity.exe -projectpath C:\/Users\/Tanel\/Desktop\/Tanel\/Repositories\/Voll-AI -useHub -hubIPC -cloudEnvironment production -hubSessionId fd11fe80-485f-11eb-b864-f7273880ab7f","communication_protocol_version":"1.0.0","com.unity.ml-agents_version":"1.0.6","scene_name":"Reworked","end_time_seconds":"1609187095"}}