{"count":1,"self":5573.4910976,"total":78517.902558599992,"children":{"InitializeActuators":{"count":18,"self":0.0039578,"total":0.0039578,"children":null},"InitializeSensors":{"count":18,"self":0.0019998,"total":0.0019998,"children":null},"AgentSendState":{"count":2780901,"self":448.521216,"total":1784.2664154,"children":{"CollectObservations":{"count":10011852,"self":159.8949632,"total":159.8949589,"children":null},"WriteActionMask":{"count":10011852,"self":119.5665664,"total":119.56656269999999,"children":null},"RequestDecision":{"count":10011852,"self":369.7742848,"total":1056.2836823999999,"children":{"AgentInfo.ToProto":{"count":10011852,"self":276.009216,"total":686.5093954,"children":{"GenerateSensorData":{"count":10011852,"self":410.5001728,"total":410.50017069999996,"children":null}}}}}}},"DecideAction":{"count":2780901,"self":70786.233139199991,"total":70786.2305015,"children":null},"AgentAct":{"count":2780901,"self":345.7911552,"total":373.9064836,"children":{"AgentInfo.ToProto":{"count":340830,"self":12.058637599999999,"total":28.1153409,"children":{"GenerateSensorData":{"count":340830,"self":16.0567024,"total":16.056703,"children":null}}}}}},"gauges":{"Volleyball.CumulativeReward":{"count":340830,"max":1,"min":-1,"runningAverage":-7.093929E-11,"value":1,"weightedAverage":0.06537318}},"metadata":{"timer_format_version":"0.1.0","start_time_seconds":"1616676222","unity_version":"2019.4.19f1","command_line_arguments":"C:\\Program Files\\Unity\\Hub\\Editor\\2019.4.19f1\\Editor\\Unity.exe -projectpath C:\/Users\/Tanel\/Desktop\/Tanel\/Repositories\/Voll-AI -useHub -hubIPC -cloudEnvironment production -hubSessionId 47f74f30-8d67-11eb-b321-c170e2778758","communication_protocol_version":"1.3.0","com.unity.ml-agents_version":"1.7.2-preview","scene_name":"Reworked","end_time_seconds":"1616754740"}}