{"count":1,"self":5304.295424,"total":33415.3611635,"children":{"InitializeActuators":{"count":18,"self":0.0019989,"total":0.0019989,"children":null},"InitializeSensors":{"count":18,"self":0.0010000999999999999,"total":0.0010000999999999999,"children":null},"AgentSendState":{"count":2360817,"self":375.85108479999997,"total":1486.8001537999999,"children":{"CollectObservations":{"count":8499492,"self":131.7798656,"total":131.7798651,"children":null},"WriteActionMask":{"count":8499492,"self":99.6594496,"total":99.6594465,"children":null},"RequestDecision":{"count":8499492,"self":307.5023616,"total":879.50975469999992,"children":{"AgentInfo.ToProto":{"count":8499492,"self":228.9802752,"total":572.00738549999994,"children":{"GenerateSensorData":{"count":8499492,"self":343.0271232,"total":343.0271163,"children":null}}}}}}},"DecideAction":{"count":2360817,"self":26267.9052288,"total":26267.9054115,"children":null},"AgentAct":{"count":2360817,"self":328.5062144,"total":356.3561918,"children":{"AgentInfo.ToProto":{"count":347112,"self":11.9973536,"total":27.8499803,"children":{"GenerateSensorData":{"count":347112,"self":15.852627199999999,"total":15.8526267,"children":null}}}}}},"gauges":{"Volleyball.CumulativeReward":{"count":347112,"max":1,"min":-1,"runningAverage":-5.580986E-11,"value":1,"weightedAverage":0.104728945}},"metadata":{"timer_format_version":"0.1.0","start_time_seconds":"1615590261","unity_version":"2019.4.19f1","command_line_arguments":"C:\\Program Files\\Unity\\Hub\\Editor\\2019.4.19f1\\Editor\\Unity.exe -projectpath C:\/Users\/Tanel\/Desktop\/Tanel\/Repositories\/Voll-AI -useHub -hubIPC -cloudEnvironment production -hubSessionId 9e7ed740-8305-11eb-a671-219fe6b1cdcc","communication_protocol_version":"1.3.0","com.unity.ml-agents_version":"1.7.2-preview","scene_name":"Reworked","end_time_seconds":"1615623676"}}