{
    "name": "root",
    "gauges": {
        "PlayerBehaviour.Policy.Entropy.mean": {
            "value": 3.4189376831054688,
            "min": -0.4620295464992523,
            "max": 3.418938159942627,
            "count": 50
        },
        "PlayerBehaviour.Policy.ExtrinsicValueEstimate.mean": {
            "value": 11.882765769958496,
            "min": -35.31233596801758,
            "max": 12.314332962036133,
            "count": 50
        },
        "PlayerBehaviour.Losses.ValueLoss.mean": {
            "value": 8228.501953125,
            "min": 0.17243224382400513,
            "max": 8228.501953125,
            "count": 50
        },
        "PlayerBehaviour.Losses.PolicyLoss.mean": {
            "value": 0.1442665308713913,
            "min": 0.14085978269577026,
            "max": 0.33397188782691956,
            "count": 50
        },
        "PlayerBehaviour.Policy.LearningRate.mean": {
            "value": 2.9400996481854236e-06,
            "min": 2.9400996481854236e-06,
            "max": 0.00029696401907131076,
            "count": 50
        },
        "PlayerBehaviour.Policy.Epsilon.mean": {
            "value": 0.1009799987077713,
            "min": 0.1009799987077713,
            "max": 0.19898799061775208,
            "count": 50
        },
        "PlayerBehaviour.Policy.Beta.mean": {
            "value": 1.4801999896008056e-05,
            "min": 1.4801999896008056e-05,
            "max": 0.0004950411967001855,
            "count": 50
        },
        "PlayerBehaviour.Environment.EpisodeLength.mean": {
            "value": 499.0,
            "min": 499.0,
            "max": 499.0,
            "count": 50
        },
        "PlayerBehaviour.Self-play.ELO.mean": {
            "value": 1200.0,
            "min": 1200.0,
            "max": 1200.0,
            "count": 50
        },
        "PlayerBehaviour.Environment.CumulativeReward.mean": {
            "value": 0.0,
            "min": 0.0,
            "max": 4.125,
            "count": 50
        },
        "PlayerBehaviour.Policy.ExtrinsicReward.mean": {
            "value": 0.0,
            "min": 0.0,
            "max": 4.125,
            "count": 50
        },
        "PlayerBehaviour.IsTraining.mean": {
            "value": 1.0,
            "min": 1.0,
            "max": 1.0,
            "count": 50
        }
    },
    "metadata": {
        "timer_format_version": "0.1.0",
        "start_time_seconds": "1605828713",
        "python_version": "3.8.6 (tags/v3.8.6:db45529, Sep 23 2020, 15:52:53) [MSC v.1927 64 bit (AMD64)]",
        "command_line_arguments": "C:\\Users\\Tanel\\AppData\\Local\\Programs\\Python\\Python38\\Scripts\\mlagents-learn config\\playerbehaviour_config.yaml --run-id=LateNight --force",
        "mlagents_version": "0.21.1",
        "mlagents_envs_version": "0.21.1",
        "communication_protocol_version": "1.2.0",
        "tensorflow_version": "2.3.1",
        "numpy_version": "1.18.0",
        "end_time_seconds": "1605840681"
    },
    "total": 11968.813473600001,
    "count": 1,
    "self": 0.27620350000142935,
    "children": {
        "run_training.setup": {
            "total": 0.007353700000000352,
            "count": 1,
            "self": 0.007353700000000352
        },
        "TrainerController.start_learning": {
            "total": 11968.529916399999,
            "count": 1,
            "self": 1.7509123999443545,
            "children": {
                "TrainerController._reset_env": {
                    "total": 17.991036799998785,
                    "count": 45,
                    "self": 17.991036799998785
                },
                "TrainerController.advance": {
                    "total": 11946.830332800057,
                    "count": 50158,
                    "self": 0.8497419000850641,
                    "children": {
                        "env_step": {
                            "total": 11945.980590899972,
                            "count": 50158,
                            "self": 11821.350268400012,
                            "children": {
                                "SubprocessEnvManager._take_step": {
                                    "total": 123.79697670000219,
                                    "count": 50158,
                                    "self": 3.9235698003294033,
                                    "children": {
                                        "TFPolicy.evaluate": {
                                            "total": 119.87340689967279,
                                            "count": 100316,
                                            "self": 119.87340689967279
                                        }
                                    }
                                },
                                "workers": {
                                    "total": 0.8333457999572822,
                                    "count": 50158,
                                    "self": 0.0,
                                    "children": {
                                        "worker_root": {
                                            "total": 11949.357813800116,
                                            "count": 50158,
                                            "is_parallel": true,
                                            "self": 11058.771004900047,
                                            "children": {
                                                "steps_from_proto": {
                                                    "total": 0.022047100006904685,
                                                    "count": 90,
                                                    "is_parallel": true,
                                                    "self": 0.006937600008310341,
                                                    "children": {
                                                        "_process_vector_observation": {
                                                            "total": 0.015109499998594345,
                                                            "count": 180,
                                                            "is_parallel": true,
                                                            "self": 0.015109499998594345
                                                        }
                                                    }
                                                },
                                                "UnityEnvironment.step": {
                                                    "total": 890.5647618000617,
                                                    "count": 50158,
                                                    "is_parallel": true,
                                                    "self": 7.039350199742785,
                                                    "children": {
                                                        "UnityEnvironment._generate_step_input": {
                                                            "total": 42.04521700012998,
                                                            "count": 50158,
                                                            "is_parallel": true,
                                                            "self": 42.04521700012998
                                                        },
                                                        "communicator.exchange": {
                                                            "total": 812.1494841001261,
                                                            "count": 50158,
                                                            "is_parallel": true,
                                                            "self": 812.1494841001261
                                                        },
                                                        "steps_from_proto": {
                                                            "total": 29.330710500062885,